id,label,category,year,author,desc,githubUrl,paperUrl,license,maintenance,verificationStatus,entityType,trainingScope,inferenceCost,speedTier,accuracyTier,lastReviewed,lastUpdated,supportsCharges,supportsSpins,elementsCovered,trainedDatasets
nequip,NequIP,Equivariant,2021,Harvard (Kozinsky) / MIT (Smidt),"E(3)-equivariant message-passing potential that set the template for data-efficient, high-accuracy force fields across molecules and materials.",https://github.com/mir-group/nequip,https://arxiv.org/abs/2101.03164,MIT,maintained,verified,architecture,unknown,,,,2026-05-05,,false,false,dataset-dependent (general molecules and materials),
allegro,Allegro,Equivariant,2023,Harvard (Kozinsky lab),Strictly local equivariant architecture designed for massive parallel MD (100M+ atoms) while retaining NequIP-level accuracy.,https://github.com/mir-group/allegro,https://www.nature.com/articles/s41467-023-36329-y,MIT,maintained,verified,architecture,unknown,,,,2026-05-05,,false,false,dataset-dependent (general molecules and materials),
eqv2,Equiformer V2,Transformer,2024,"Meta FAIR / MIT (Liao, Smidt et al.)",Improved equivariant transformer with higher-degree tensor representations; achieves state-of-the-art OC20/OC22 performance with strong data-efficiency.,https://github.com/atomicarchitects/equiformer_v2,https://arxiv.org/abs/2306.12059,MIT,maintained,verified,architecture,unknown,,,,2026-05-05,,false,false,all elements covered by OC20 / OC22 (~56 elements),
mace,MACE,Equivariant,2022,Cambridge (Csányi) / UBC (Ortner) — Batatia et al.,Higher-order equivariant message passing (4-body messages) that reaches SOTA accuracy with only 1-2 layers; later extended into the universal MACE-MP foundation model family.,https://github.com/ACEsuit/mace,https://arxiv.org/abs/2206.07697,MIT,active,partially_verified,architecture,unknown,,,,2026-05-05,,false,false,dataset-dependent (architecture; ~89-element universal coverage via the MACE-MP foundation variants),
grace,GRACE,Equivariant,2024,ICAMS,Graph Atomic Cluster Expansion: a foundation-scale implementation of ACE with explicit multi-body basis functions for wide-coverage materials modelling.,https://github.com/ICAMS/grace-tensorpotential,https://arxiv.org/abs/2508.17936,Apache-2.0,active,verified,model_family,universal_foundation,,,,2026-05-05,,false,false,all elements covered by OMat24 / MPTrj (~89 elements),
orb,Orb-v3,Transformer,2025,Orbital Materials,"Non-equivariant, non-conservative graph neural network potential systematically trading off roto-equivariance, conservatism, and graph sparsity for >10x latency and >8x memory reduction at near-SOTA accuracy on large periodic systems.",https://github.com/orbital-materials/orb-models,https://arxiv.org/abs/2504.06231,Apache-2.0,active,verified,trained_model,universal_foundation,,,,2026-05-05,,false,false,all elements covered by MPTrj / Alexandria (~89 elements),
orb_v2,Orb-v2,Transformer,2024,Orbital Materials,Predecessor to Orb-v3. A non-equivariant graph network exploring trade-offs between accuracy and inference cost on materials simulation; trained on MPTrj + Alexandria with rotation-invariance learnt rather than imposed.,https://github.com/orbital-materials/orb-models,https://arxiv.org/abs/2410.22570,Apache-2.0,maintained,verified,trained_model,universal_foundation,,,,2026-05-06,,false,false,all elements covered by MPTrj / Alexandria (~89 elements),
orbmol,OrbMol,Transformer,2025,Orbital Materials,"Orb-v3 variant for molecules, electrolytes, metal complexes, and biomolecules, trained on the ~100M-structure OMol25 dataset with explicit total-charge and spin-multiplicity conditioning.",https://huggingface.co/Orbital-Materials/OrbMol,https://www.orbitalmaterials.com/posts/orbmol-extending-orb-to-molecular-systems,Apache-2.0,active,partially_verified,trained_model,multi_domain,,,,2026-05-05,,true,true,elements present in OMol25 (organic + electrolyte + metal-complex chemistry),omol25
orbmol_v2,OrbMol-v2,Transformer,2026,Orbital Materials,"Second-generation OrbMol adding learnable per-atom electrostatics to the OrbMol molecular potential: a LatentChargeHead predicts per-atom latent charges constrained to the system total charge, and a CoulombModule adds long-range Coulomb energy (direct summation for non-periodic systems, particle-mesh Ewald for periodic ones). Trained on OMol25 and OPoly26 at the ωB97M-V/def2-TZVPD level.",https://github.com/orbital-materials/orb-models,,Apache-2.0,active,partially_verified,trained_model,domain_specific,,,unknown,2026-06-11,,true,true,"elements present in OMol25 / OPoly26 (organic, electrolyte, metal-complex, polymer chemistry)",omol25; opoly26
tfn,Tensor Field Networks,Equivariant,2018,Thomas et al.,"First E(3)-equivariant convolutional architecture for point clouds, introducing spherical-harmonic tensor products that underlie nearly all modern equivariant MLIPs (NequIP, MACE, Equiformer).",https://github.com/tensorfieldnetworks/tensorfieldnetworks,https://arxiv.org/abs/1802.08219,MIT,archived,verified,architecture,unknown,,,,2026-05-05,,false,false,—,
se3t,SE(3)-Transformer,Transformer,2020,Fuchs et al.,Self-attention generalized to SE(3)-equivariant inputs via tensor field attention; an early blueprint for equivariant transformer architectures like Equiformer.,https://github.com/FabianFuchsML/se3-transformer-public,https://arxiv.org/abs/2006.10503,MIT,archived,verified,architecture,unknown,,,,2026-05-05,,false,false,—,
jmp,JMP,Transformer,2024,Shoghi et al. (CMU / Meta),"Joint Multi-domain Pre-training: a strategy that trains one shared GemNet-OC backbone simultaneously on OC20, OC22, ANI-1x and Transition-1x (~120M systems), demonstrating multi-dataset pretraining for transferable potentials — a precursor to the universal MLIP foundation models that followed.",https://github.com/facebookresearch/JMP,https://arxiv.org/abs/2310.16802,CC-BY-NC-4.0,archived,verified,trained_model,multi_domain,,,,2026-05-05,,false,false,elements present in OC20 / OC22 / ANI-1x / Transition-1x (organic + catalytic chemistry),
esen,eSEN,Equivariant,2025,Meta FAIR,Equivariant Smooth Energy Network: conservative-force equivariant GNN with a smooth potential energy surface designed for stable long-horizon MD. Serves as the backbone underneath Meta's UMA foundation model.,https://github.com/facebookresearch/fairchem,https://arxiv.org/abs/2502.12147,MIT,active,verified,architecture,unknown,,,,2026-05-05,,false,false,all elements covered by OMat24 / MPTrj (~89 elements),
uma,UMA,Transformer,2025,Meta FAIR,"Universal Model for Atoms: a Mixture of Linear Experts (MoLE) foundation model built on the eSEN backbone, trained on ~500M structures spanning OC20, ODAC23, OMat24, OMC25, and OMol25. NeurIPS 2025 spotlight.",https://huggingface.co/facebook/UMA,https://arxiv.org/abs/2506.23971,proprietary,active,verified,model_family,universal_foundation,,,,2026-05-05,,true,true,elements present in OC20 / ODAC23 / OMat24 / OMC25 / OMol25 (~89 elements),oc20; odac23; omat24; omc25; omol25
nequix,Nequix,Equivariant,2025,Koker & Smidt (MIT Atomic Architects),"Compact E(3)-equivariant foundation potential pairing a simplified NequIP design with equivariant RMS layer normalization and the Muon optimizer; 700K parameters trained in ~100 A100 GPU-hours, with ~20x lower training cost and two orders of magnitude faster inference than the top Matbench-Discovery models.",https://github.com/atomicarchitects/nequix,https://arxiv.org/abs/2508.16067,MIT,active,verified,trained_model,universal_foundation,,,,2026-05-05,,false,false,all elements covered by MPTrj / OMat24 (~89 elements),
pet,PET,Transformer,2023,Pozdnyakov & Ceriotti (EPFL),"Point Edge Transformer: an unconstrained graph transformer for atomistic systems. Drops strict equivariance in favour of attention-based message passing on point-and-edge inputs, with rotation-invariance learnt from data rather than imposed by the architecture. Direct precursor to PET-MAD.",https://github.com/lab-cosmo/pet,https://arxiv.org/abs/2305.19302,MIT,maintained,verified,architecture,unknown,,,,2026-05-06,,false,false,—,
petmad,PET-MAD,Transformer,2025,EPFL (Ceriotti lab),"Lightweight universal transformer-GNN potential (Point-Edge Transformer) trained on the Massive Atomistic Diversity (MAD) dataset spanning solids, surfaces, and molecules; competitive with larger uMLIPs across diverse atomistic systems.",https://github.com/lab-cosmo/pet-mad,https://arxiv.org/abs/2503.14118,BSD-3-Clause,active,verified,trained_model,universal_foundation,,,,2026-05-05,,false,false,85 elements,
eqv3,Equiformer V3,Transformer,2026,Liao et al. (MIT Atomic Architects),"Third-generation SE(3)-equivariant graph attention transformer with improved efficiency, expressivity, and generality; achieves the strongest results within the Equiformer family on OC20 S2EF-2M, MPtrj, OMat24, sAlex, and Matbench-Discovery.",https://github.com/atomicarchitects/equiformer_v3,https://arxiv.org/abs/2604.09130,MIT,active,verified,architecture,multi_domain,,,,2026-05-05,,false,false,all elements covered by MPtrj / OMat24 (~89 elements),
mace_polar1,MACE-POLAR-1,Equivariant,2026,"ACEsuit (Kovacs, Batatia, Csanyi et al.)","Polarisable electrostatic foundation model that augments MACE with a non-self-consistent polarisable field formalism, learning atomic charge and spin densities (Gaussian-type multipoles) directly from energies/forces; global charge/spin constraints are enforced via learnable Fukui equilibration functions. Trained on OMol25 (~100M structures at ωB97M-V), released in M (12 A) and L (18 A) receptive-field variants for molecular chemistry and non-covalent interactions.",https://github.com/ACEsuit/mace-foundations,https://arxiv.org/abs/2602.19411,MIT,active,verified,trained_model,universal_foundation,,,,2026-05-05,,true,true,elements present in OMol25 (molecular chemistry / non-covalent interactions),omol25
mace_osaka26,MACE-Osaka26,Equivariant,2026,"Kuroda, Ishihara, Shiota, Mizukami (Osaka Univ. / QIQB)",Multi-domain universal MACE-architecture potential extending the MACE-Osaka series to 97 elements — the broadest elemental coverage to date — by integrating MACE-Osaka24's inorganic + organic data with the newly constructed HE26 heavy-element dataset of minor actinides assembled from experimental and computational literature. Targets nuclear and actinide chemistry while retaining strong performance on the inorganic MPtrj and organic OFF23 test sets.,https://github.com/qiqb-osaka/mace-osaka26,https://arxiv.org/abs/2603.03223,MIT,active,verified,trained_model,universal_foundation,,,,2026-05-05,,false,false,97 elements (incl. minor actinides),
mlanet,MLANet,Equivariant,2026,"Bi, Zhao, Sun, Hu, Lu, Cheng (Shanghai University)","Efficient equivariant graph neural network MLIP that introduces a geometry-aware dual-path dynamic attention mechanism inside its message-passing layers and a physics-informed multi-perspective pooling strategy for global system representations. Demonstrates competitive accuracy with mainstream equivariant models at markedly lower computational cost across organic molecules (QM7, MD17), Li-containing crystals, two-dimensional materials (bilayer graphene, black phosphorus), surface catalytic reactions (formate decomposition), and charged systems, while remaining stable for long-time MD simulations.",,https://arxiv.org/abs/2603.22810,,experimental,verified,architecture,unknown,,,,2026-05-05,,true,false,—,
equiewald,EquiEwald,Equivariant,2026,Zhang et al. (Shanghai AI Lab / CUHK),"Unified neural interatomic potential that embeds an Ewald-inspired reciprocal-space formulation inside an irreducible SO(3)-equivariant framework. Performs equivariant message passing in reciprocal space via learned equivariant k-space filters and an equivariant inverse transform, capturing anisotropic tensorial long-range correlations without sacrificing physical consistency; consistently improves energy and force accuracy, data efficiency, and long-range extrapolation across periodic systems, supramolecular assemblies, conjugated molecules, charged dimers, and biomolecular dynamics.",,https://arxiv.org/abs/2603.18389,,experimental,verified,architecture,unknown,,,,2026-05-05,,false,false,—,
allscaip,AllScAIP,Transformer,2026,"Qu, Wood, Krishnapriyan, Ulissi (FAIR / Meta, UC Berkeley, LBNL)","Scalable, energy-conserving, attention-based MLIP that pairs local neighborhood self-attention with a global all-to-all node attention layer in which every atom attends to every other atom. The data-driven all-to-all component captures long-range interactions without explicit electrostatic priors and remains the most durable ingredient as data and model size scale to O(100M) training samples. Sits atop the OMol25 leaderboard at release while remaining competitive on OMat24 (materials) and OC20 (catalysts); cuts long-range distance-scaling error by ~90% versus the next-best foundation model, with stable long-timescale MD recovering experimental densities and heats of vaporisation.",https://github.com/facebookresearch/fairchem,https://arxiv.org/abs/2603.06567,MIT,active,verified,trained_model,multi_domain,,,,2026-05-05,,true,true,all elements covered by OMol25 / OMat24 (~89 elements),omol25; omat24; oc20
mace_mag,MACE-Magnetic,Equivariant,2026,"Ho, van der Oord, Darby, Csányi, Ortner et al. (Cambridge / UBC / ACEsuit)","Equivariant many-body message-passing interatomic potential extending the MACE framework to magnetic materials by embedding atomic magnetic moments as explicit degrees of freedom alongside positions. Learns physically consistent and transferable representations of magnetic behaviour beyond collinear approximations and can incorporate spin-orbit coupling, achieving near density-functional-theory accuracy with strong data efficiency by fine-tuning from a pre-trained foundation model. Targets structural transformations, finite-temperature magnetic phenomena, and high-throughput screening of strongly spin-orbit coupled materials.",,https://arxiv.org/abs/2604.08143,,experimental,verified,architecture,domain_specific,,,,2026-05-05,,false,true,—,
allegro_moe,Allegro-MoE,Equivariant,2026,"Nascimento, Descoteaux, Zichi, Tan, Witt, Molinari, Mantha, Kitchaev, Kornbluth, Gadelrab, Tuffile, Kozinsky (Harvard / Bosch)","Multifidelity Mixture-of-Experts framework built on the strictly local E(3)-equivariant Allegro architecture. Spatially partitions the simulation domain into chemically complex regions (e.g. reactive interfaces) and simple regions (e.g. bulk lattices) and assigns Allegro experts of different capacity to each, enabling expensive high-fidelity inference only where required while a cheaper expert handles the rest of the cell.",,https://arxiv.org/abs/2604.26143,,experimental,verified,architecture,unknown,,,,2026-05-05,,false,false,—,
hi_mlip,Hi-MLIP,Equivariant,2026,"Yin, Ouyang, Fan, Lin, Hu, Lv, Cao, Xiao, Chen, Ren (ByteDance Seed / Tsinghua / Peking University)","Hessian-informed machine learning interatomic potential trained with the Hessian-INformed Training (HINT) protocol — Hessian pre-training, configuration sampling, curriculum learning, and a stochastic projected Hessian loss — to attain Hessian-level accuracy with two to four orders of magnitude fewer high-fidelity Hessian labels than standard training. Substantially improves transition-state search and brings Gibbs free-energy predictions close to chemical accuracy in data-scarce regimes, and reproduces phonon renormalization and superconducting Tc of strongly anharmonic hydrides in close agreement with experiment.",,https://arxiv.org/abs/2603.25373,,experimental,verified,trained_model,domain_specific,,,,2026-05-05,,false,false,—,
spookynet,SpookyNet,Transformer,2021,"Unke, Chmiela, Gastegger, Schütt, Sauceda, Müller","MLIP that explicitly captures electronic degrees of freedom and nonlocal effects, modelled via self-attention in a transformer architecture. Total charge and spin multiplicity are injected as global tokens that condition the local atomic embeddings — a direct conceptual ancestor of charge/spin-conditioned foundation models such as UMA and MACE-POLAR-1.",https://github.com/OUnke/SpookyNet,https://www.nature.com/articles/s41467-021-27504-0,MIT,archived,verified,architecture,unknown,,,,2026-05-05,,true,true,—,
gems,GEMS,Transformer,2024,"Unke, Stöhr, Ganscha, Unterthiner, Maennel, Kashubin, Ahlin, Gastegger, Sandonas, Berryman, Tkatchenko, Müller","SpookyNet-based biomolecular force-field framework that combines top-down (whole-protein) and bottom-up (fragment) sampling to train transferable, quantum-accurate ML potentials for proteins and condensed-phase biomolecular dynamics.",,https://www.science.org/doi/10.1126/sciadv.adn4397,proprietary,experimental,verified,trained_model,domain_specific,,,,2026-05-05,,true,true,—,
bpnn,BPNN,Descriptor,2007,Behler & Parrinello,The Behler–Parrinello high-dimensional neural network potential — the 2007 paper that introduced symmetry functions and the atomic-decomposition framework underlying essentially every modern MLIP.,https://github.com/CompPhysVienna/n2p2,https://doi.org/10.1103/PhysRevLett.98.146401,GPL-3.0-or-later,maintained,verified,architecture,unknown,,,,2026-05-05,2024-11-22,false,false,—,
ace,ACE,Descriptor,2019,Drautz (ICAMS),"Atomic Cluster Expansion: a complete, systematically improvable many-body basis for the local atomic environment; the mathematical backbone of PACE/GRACE and a strong influence on MACE.",https://github.com/ICAMS/lammps-user-pace,https://arxiv.org/abs/1902.10301,Apache-2.0,maintained,verified,architecture,unknown,,,,2026-05-05,2026-02-09,false,false,—,
gap,GAP,Descriptor,2010,"Bartók, Payne, Kondor, Csányi (Cambridge)",Gaussian Approximation Potentials: a kernel-based MLIP fit to ab-initio energies and forces using SOAP-like many-body descriptors; the canonical kernel reference for descriptor-based potentials.,https://github.com/libAtoms/QUIP,https://doi.org/10.1103/PhysRevLett.104.136403,GPL-3.0-or-later,maintained,verified,architecture,unknown,,,,2026-05-05,2026-04-01,false,false,—,
deepmd,DeepMD,Descriptor,2018,DeepModeling,"Deep Potential Molecular Dynamics: local frame descriptors + deep networks giving ab-initio-level accuracy with linear scaling, widely used for large MD.",https://github.com/deepmodeling/deepmd-kit,https://doi.org/10.1016/j.cpc.2018.03.016,LGPL-3.0,active,verified,architecture,unknown,,,,2026-05-05,2026-03-19,false,false,—,
dpa2,DPA-2,Descriptor,2024,DeepModeling,"Second-generation Deep Potential architecture with attention and multi-task heads, targeting a universal deep potential for diverse chemistries.",https://github.com/deepmodeling/deepmd-kit,https://arxiv.org/abs/2312.15492,LGPL-3.0,active,verified,architecture,universal_foundation,,,,2026-05-05,2026-03-19,false,false,—,
dpa3,DPA-3,Descriptor,2025,DeepModeling,"Message-passing graph neural network built on a Line Graph Series (LiGS) that updates bond, angle, and dihedral representations while preserving energy conservation and physical symmetries; designed for Large Atomistic Models with clean scaling in model size, data, and compute. The DPA-3.1-3M variant trained on OpenLAM-v1 tops zero-shot generalization across 12 downstream tasks.",https://github.com/deepmodeling/deepmd-kit,https://arxiv.org/abs/2506.01686,LGPL-3.0,active,verified,architecture,universal_foundation,,,,2026-05-05,2026-03-19,false,false,—,
mattersim,MatterSim,Equivariant,2024,Microsoft,"MatterSim is Microsoft's foundation MLIP covering 89 elements, trained on large-scale first-principles data spanning 0-5000 K and pressures up to 1000 GPa for materials discovery and high-throughput computation. It uses two backbones: the M3GNet graph neural network (used for the open-source v1 checkpoints) and a Graphormer transformer; both are invariant architectures.",https://github.com/microsoft/mattersim,https://arxiv.org/abs/2405.04967,MIT,active,verified,trained_model,universal_foundation,,,,2026-05-05,,false,false,all elements up to Z=89,
nep89,NEP89,Descriptor,2025,Chalmers (Fan group) / Liang et al.,"Universal neuroevolution-potential foundation model spanning 89 elements across inorganic and organic materials, trained via separable natural evolution strategies and distributed in GPUMD for empirical-potential-like speed.",https://github.com/brucefan1983/GPUMD,https://arxiv.org/abs/2504.21286,GPL-3.0,active,verified,trained_model,universal_foundation,,,,2026-05-05,,false,false,89 elements,
liten,LiTEN-FF,Equivariant,2026,Zhejiang Univ. (Hou lab) / Su et al.,Equivariant network with Tensorized Quadrangle Attention (TQA) that captures three- and four-body interactions in linear time; pre-trained on nablaDFT and fine-tuned on SPICE as a quantum-accurate biomolecular force-field foundation model with ~10x faster inference than MACE-OFF.,https://github.com/lingcon01/LiTEN,https://arxiv.org/abs/2507.00884,MIT,active,verified,trained_model,domain_specific,,,,2026-05-05,,false,false,SPICE / nablaDFT organic and biomolecular chemistry,
matris,MatRIS,Invariant,2026,Zhou et al. (CAS / UCAS),Invariant foundation MLIP using a separable O(N) attention mechanism for three-body interactions; 10M-parameter models trained on OMat24 / MPTrj / sAlex match equivariant SOTA on Matbench-Discovery (F1 0.847) at >13x lower training cost than eSEN-30M-MP.,https://github.com/HPC-AI-Team/MatRIS,https://arxiv.org/abs/2603.02002,BSD-3-Clause,active,verified,model_family,universal_foundation,,,,2026-05-05,,false,true,all elements covered by OMat24 / MPTrj (~89 elements),
matris_moe,MatRIS-MoE,Invariant,2026,"Zhou et al. (CAS / ICT, HPC-AI-Team)","Billion-parameter Mixture-of-Experts extension of MatRIS that inserts sparse expert modules around the self-attention layer — a message-update MoE for message construction and a feature-update MoE for post-attention refinement — with element-type routing that keeps the activated expert set time-independent and the potential energy surface continuous. Released in M (2.47B) and L (11.50B) variants and trained on heterogeneous domains (molecules, materials, catalysis, MOFs, and direct air capture) via the new Janus hybrid-parallel framework, attaining 1.0–1.2 EFLOPS at >90% parallel efficiency and compressing billion-parameter uMLIP training from weeks to hours on Exascale supercomputers.",https://github.com/HPC-AI-Team/MatRIS,https://arxiv.org/abs/2604.15821,BSD-3-Clause,active,verified,trained_model,multi_domain,,,,2026-05-05,,false,false,all elements covered by OMat24 / MPTrj / OMol25 (~89 elements),omat24; mptrj; salex; omol25; oc20; odac23
snap,SNAP,Descriptor,2015,"Thompson, Swiler, Trott, Foiles, Tucker (Sandia)","Spectral Neighbor Analysis Potential: a linear descriptor MLIP fit to bispectrum components of the local atomic environment, designed for high-throughput LAMMPS simulations. The canonical industrial-scale linear descriptor potential alongside GAP and MTP.",,https://doi.org/10.1016/j.jcp.2014.12.018,GPL-2.0,maintained,verified,architecture,unknown,,,,2026-05-05,,false,false,—,
mtp,MTP,Descriptor,2016,Shapeev (Skoltech),"Moment Tensor Potentials: a systematically improvable linear MLIP based on contractions of moment tensors of the local environment. Pairs naturally with D-optimality / MaxVol active learning (Podryabinkin & Shapeev 2017), making the MTP family the canonical reference for AL-native potential fitting.",https://gitlab.com/ashapeev/mlip-2,https://arxiv.org/abs/1512.06054,BSD-2-Clause,maintained,verified,architecture,unknown,,,,2026-05-05,,false,false,—,
sgdml,sGDML,Descriptor,2017,"Chmiela, Sauceda, Poltavsky, Müller, Tkatchenko","Symmetric Gradient-Domain Machine Learning: a kernel ridge regression force field fit directly in the gradient domain, with energy obtained by closed-form integration. Strong on small molecules where rigorous symmetry handling is critical.",https://github.com/stefanch/sGDML,https://www.science.org/doi/10.1126/sciadv.1603015,MIT,maintained,verified,architecture,single_system,,,,2026-05-05,,false,false,—,
flare,FLARE,Descriptor,2020,"Vandermause, Torrisi, Batzner, Sun, Kolpak, Kozinsky (Harvard)","Fast Learning of Atomistic Rare Events: a Gaussian-process-regression Bayesian potential trained on-the-fly during MD, with GP-uncertainty driving when to call DFT vs. trust the surrogate. Includes tabulated/mapped force-field export for production-speed MD; principal kernel-based AL framework and immediate predecessor of the Kozinsky group's NequIP/Allegro line.",https://github.com/mir-group/flare,https://www.nature.com/articles/s41524-020-0283-z,MIT,active,verified,architecture,single_system,,,,2026-05-05,,false,false,—,
aimnet,AIMNet,Descriptor,2019,"Zubatyuk, Smith, Leszczynski, Isayev","Original Atoms-in-Molecules Network: a self-consistent message-passing potential that propagates atomic environment vectors through repeated neighbour updates, learning charge-aware atomic representations for organic chemistry. The conceptual precursor to AIMNet-NSE and AIMNet2.",https://github.com/aiqm/aimnet,https://www.science.org/doi/10.1126/sciadv.aav6490,MIT,archived,verified,architecture,domain_specific,,,,2026-05-05,,true,false,—,
aimnet_nse,AIMNet-NSE,Descriptor,2021,"Zubatyuk, Smith, Nebgen, Tretiak, Isayev","Neural Spin Equilibration variant of AIMNet that handles arbitrary total charge and spin multiplicity through an SCF-like message-passing loop, predicting transferable atomic charges and spins. The conceptual ancestor of charge/spin-conditioned models like AIMNet2 and SpookyNet.",https://github.com/isayevlab/aimnetnse,https://www.nature.com/articles/s41467-021-24904-0,MIT,archived,verified,architecture,domain_specific,,,,2026-05-05,,true,true,—,
hip_nn,HIP-NN,Invariant,2018,"Lubbers, Smith, Barros (LANL)","Hierarchically Interacting Particle Neural Network: a message-passing potential that decomposes atomic energies into a hierarchy of n-body terms with explicit residual structure, providing both interpretable hierarchical decomposition and natural uncertainty estimates from the residual stack.",https://github.com/lanl/hippynn,https://pubs.aip.org/aip/jcp/article/148/24/241715/962591,BSD-3-Clause,active,verified,architecture,domain_specific,,,,2026-05-05,,false,false,—,
ani,ANI-2x,Descriptor,2020,"Devereux, Smith, Huddleston, Barros, Zubatyuk, Isayev, Roitberg","ANI variant extending coverage to seven elements (H, C, N, O, S, F, Cl); widely used in drug discovery for fast geometry and energy scans on organic chemistry.",https://github.com/aiqm/torchani,https://pubs.acs.org/doi/10.1021/acs.jctc.0c00121,MIT,maintained,verified,trained_model,domain_specific,,,,2026-05-05,,false,false,"H, C, N, O, S, F, Cl",
ani_1,ANI-1,Descriptor,2017,"Smith, Isayev, Roitberg","Original ANI: an atomistic neural network potential built on Behler-style symmetry function descriptors and per-element atomic networks, trained on ~22M DFT structures of organic molecules covering H, C, N, O.",https://github.com/aiqm/torchani,https://pubs.rsc.org/en/content/articlehtml/2017/sc/c6sc05720a,MIT,maintained,verified,trained_model,domain_specific,,,,2026-05-05,,false,false,"H, C, N, O",
ani_1x,ANI-1x,Descriptor,2018,"Smith, Nebgen, Lubbers, Isayev, Roitberg","Active-learned extension of ANI-1: applies query-by-committee active learning to grow the training set towards a chemically diverse organic-molecule sampling, dramatically improving generalisation while maintaining ANI-style efficiency.",https://github.com/aiqm/torchani,https://pubs.aip.org/aip/jcp/article/148/24/241733/962534,MIT,maintained,verified,trained_model,domain_specific,,,,2026-05-05,,false,false,"H, C, N, O",
ani_1ccx,ANI-1ccx,Descriptor,2020,"Smith, Nebgen, Zubatyuk, Lubbers, Devereux, Barros, Tretiak, Isayev, Roitberg","ANI-1x transfer-learned to a CCSD(T)/CBS-quality reference, yielding a near-coupled-cluster-accuracy organic-chemistry potential at deep-network speed. The first widely deployed example of using transfer learning to push beyond DFT.",https://github.com/aiqm/torchani,https://www.nature.com/articles/s41467-019-10827-4,MIT,maintained,verified,trained_model,domain_specific,,,,2026-05-05,,false,false,"H, C, N, O",
aimnet2,AIMNet2,Descriptor,2025,"Anstine, Zubatyuk & Isayev (CMU)","Second-generation Atoms-in-Molecules Network potential covering 14 elements (H, B, C, N, O, F, Si, P, S, Cl, As, Se, Br, I) in neutral and charged states; combines ML-parameterised short-range terms with physics-based long-range electrostatics, trained on ~20M hybrid-DFT (wB97M-D3) calculations for routine use as a DFT replacement in organic and elemental-organic chemistry.",https://github.com/isayevlab/aimnetcentral,https://doi.org/10.1039/D4SC08572H,MIT,active,verified,trained_model,domain_specific,,,,2026-05-05,,true,false,"H, B, C, N, O, F, Si, P, S, Cl, As, Se, Br, I",
aceff,AceFF,Equivariant,2026,"Farr, Doerr, Mirarchi, Sabanés Zariquiey & De Fabritiis (Acellera Labs / UPF Barcelona)","Drug-discovery-oriented MLIP built on the TensorNet2 architecture — a refined vector–scalar equivariant TensorNet that adds scalar partial-charge features, performs neutral charge equilibration, and includes a long-range Coulomb energy term. Pretrained on a large dataset of drug-like compounds covering H, B, C, N, O, F, Si, P, S, Cl, Br, I in neutral and charged states; balances DFT-level accuracy on torsion scans, MD trajectories, and batched minimisations with high-throughput inference suitable for FEP and lead-optimisation workflows.",https://huggingface.co/Acellera/AceFF-2.0,https://arxiv.org/abs/2601.00581,Apache-2.0,active,verified,trained_model,domain_specific,,,,2026-05-05,,true,false,"H, B, C, N, O, F, Si, P, S, Cl, Br, I",
schnet,SchNet,Invariant,2017,Schütt et al.,"Continuous-filter convolutional network that introduced smooth, translation-invariant filters for molecules; the baseline for many later invariant message-passing potentials. Predicts energies and forces with all-atom symmetry preserved.",https://github.com/atomistic-machine-learning/schnetpack,https://arxiv.org/abs/1706.08566,MIT,active,verified,architecture,unknown,,,,2026-05-05,2025-12-19,false,false,dataset-dependent,
dimenet,DimeNet++,Invariant,2020,Gasteiger et al.,"Directional message passing network with spherical basis functions that explicitly encode bond angles, improving data efficiency over SchNet-style models. The original paper (arXiv:2003.03123) introduced the directional MP framework; the follow-up DimeNet++ (arXiv:2011.14115) refined it with faster, uncertainty-aware variants.",https://github.com/gasteigerjo/dimenet,https://arxiv.org/abs/2003.03123,Hippocratic-2.1,archived,verified,architecture,unknown,,,,2026-05-05,,false,false,dataset-dependent,
gemnet,GemNet-OC,Equivariant,2021,TUM / OC20,High-capacity spherical message-passing architecture used in the OC20/OC22 benchmarks; very strong for catalyst adsorption and surface chemistry.,https://github.com/facebookresearch/fairchem,https://arxiv.org/abs/2204.02782,MIT,maintained,verified,architecture,domain_specific,,,,2026-05-05,,false,false,all elements covered by OC20 / OC22 (~56 elements),
painn,PaiNN,Equivariant,2021,Schütt et al.,Polarizable Atom Interaction Neural Network: uses coupled scalar/vector features to capture forces and dipoles with E(3) equivariance at lower cost than full tensors.,https://github.com/atomistic-machine-learning/schnetpack,https://arxiv.org/abs/2102.03150,MIT,active,verified,architecture,unknown,,,,2026-05-05,2025-12-19,false,false,dataset-dependent,
sevennet,SevenNet,Equivariant,2024,Seoul Nat. Univ.,"NequIP-based scalable equivariant graph neural network potential with parallel-MD optimisations (LAMMPS GPU support), enabling very large equivariant simulations while retaining E(3)-equivariance.",https://github.com/MDIL-SNU/SevenNet,https://arxiv.org/abs/2402.03789,MIT,active,verified,architecture,universal_foundation,,,,2026-05-05,,false,false,all elements covered by MPTrj (~89 elements),
alignn,ALIGNN,Invariant,2021,NIST,Atomistic Line Graph Neural Network: augments the atomic graph with a line graph so bond angles and higher-order interactions are encoded explicitly.,https://github.com/usnistgov/alignn,https://arxiv.org/abs/2106.01829,Unlicense,maintained,verified,architecture,unknown,,,,2026-05-05,,false,false,all elements covered by JARVIS-DFT,
m3gnet,M3GNet,Invariant,2022,Materials Virtual Lab,Materials Graph Network with 3-body interactions; trained on Materials Project relaxations to give a universal potential over most of the periodic table.,https://github.com/materialsvirtuallab/m3gnet,https://arxiv.org/abs/2202.02450,BSD-3-Clause,archived,verified,trained_model,universal_foundation,,,,2026-05-05,2025-04-09,false,false,—,
chgnet,CHGNet,Invariant,2023,Berkeley (Ceder group),Charge-aware graph neural network that extends M3GNet with oxidation state and local charge features; particularly strong for battery and redox-active materials.,https://github.com/CederGroupHub/chgnet,https://arxiv.org/abs/2302.14231,BSD-3-Clause,maintained,verified,trained_model,universal_foundation,,,,2026-05-05,2025-09-22,true,true,all elements covered by MPTrj (~89 elements),
sevennet_nano,SevenNet-Nano,Equivariant,2026,Seoul Nat. Univ. (MDIL-SNU),"Lightweight universal MLIP distilled from the SevenNet-Omni teacher, delivering over an order-of-magnitude speedup while retaining broad transferability for scalable atomistic simulations on thousands of atoms.",https://github.com/MDIL-SNU/SevenNet,https://arxiv.org/abs/2604.10887,MIT,active,partially_verified,trained_model,universal_foundation,low,fast,unknown,2026-05-05,,false,false,all elements covered by SevenNet-Omni,
sevennet_omni,SevenNet-Omni,Equivariant,2026,Seoul Nat. Univ. (MDIL-SNU),"Multi-fidelity universal foundation MLIP built on the SevenNet-MF backbone and trained on 15 open datasets (~250M structures across molecules, crystals, and surfaces); serves as the teacher model for SevenNet-Nano.",https://github.com/MDIL-SNU/SevenNet,https://arxiv.org/abs/2510.11241,MIT,active,partially_verified,trained_model,universal_foundation,,,,2026-05-05,,false,false,all elements covered by combined open MLIP datasets (~89 elements),
pfp_v8,PFP v8,Transformer,2026,Preferred Networks / Matlantis,"Eighth release of the Preferred Potential: a universal MLIP trained on a large r2SCAN meta-GGA dataset, capable of reproducing 45 elements off-the-shelf across crystals, molecules, surfaces, and adsorption structures without fine-tuning. Distributed commercially via the Matlantis SaaS platform.",,https://arxiv.org/abs/2603.11063,proprietary,active,verified,trained_model,universal_foundation,,,,2026-05-05,,false,false,all elements up to Z=96 (PBE backbone) / 70 elements (r2SCAN),
orion,ORION,Descriptor,2026,Chen et al. (NEP framework),"Universal organic force field for C, H, O, N, S, P built within the Neuroevolution Potential (NEP) framework. Trained on a chemically rich dataset assembled through a unified top-down/bottom-up sampling strategy, providing a balanced description of bond breaking/formation, aromatic growth, hydrogen bonding, van der Waals interactions, and π-stacking; reaches near-DFT force accuracy while running ~200x faster than ReaxFF on identical hardware, enabling hundreds-of-nanoseconds reactive MD.",https://github.com/brucefan1983/GPUMD,https://arxiv.org/abs/2604.05769,GPL-3.0,active,verified,trained_model,domain_specific,,,,2026-05-05,,false,false,"C, H, O, N, S, P",
omni_p2x,OMNI-P2x,Descriptor,2026,"Martyka, Tong, Jankowska, Dral (Xiamen University)","First universal neural network potential for molecular ground and excited electronic states. An ensemble of MS-ANI-style invariant potentials trained on PubChemQC TD-DFT (B3LYP/6-31+G*) excited-state data combined with CCSD(T)/CBS ground-state energies from ANI-1ccx, with a separate head predicting oscillator strengths of interstate transitions. Approaches TD-DFT accuracy for UV/vis spectra and photodynamics at a fraction of the cost while outperforming semiempirical methods.",https://github.com/dralgroup/omni-p2x,https://chemrxiv.org/doi/10.26434/chemrxiv-2025-j207x,MIT,active,verified,trained_model,universal_foundation,,,,2026-05-05,,false,false,"H, C, N, O, F, S, Cl",
grace_off,GRACE-OFF,Equivariant,2026,"Picha, Karwounopoulos, Erhard, Boresch, Heid (TU Wien / U. Vienna)","GRACE-architecture MLIP for organic systems, trained on the SPICE v2.0 dataset and integrated with ASE for MD. Two-layer GRACE-OFF models outperform MACE-OFF (including MACE-OFF24(M)) on single-point energies, forces, torsional profiles, and condensed-phase properties of organic liquids and water; for water and hexane they also beat the much more expensive UMA(S) on densities and radial distribution functions. Established as an accurate, GPU-efficient foundation potential for organic-liquid and biomolecular MD.",https://github.com/heid-lab/grace-off,https://chemrxiv.org/doi/10.26434/chemrxiv.15001529,MIT,active,verified,trained_model,domain_specific,,,,2026-05-05,,false,false,"SPICE v2.0 organic chemistry coverage (H, C, N, O, F, P, S, Cl, Br, I, plus common ions)",
omnimol,OmniMol,Transformer,2026,"Elsharkawy, Mikuni, Bhimji, Nachman (LBNL / NERSC)","Transformer-based small-molecule MLIP that adapts the Omnilearned Point-Edge-Transformer (PET) foundation model — pre-trained on ~1 billion LHC particle jets — to molecular dynamics via cross-domain transfer learning. Uses an interaction-matrix attention bias to inject pairwise atomic physics into transformer attention; on the OMol25 dataset OmniMol-M outperforms a 1B-parameter baseline transformer with ~20× fewer parameters, demonstrating the first cross-discipline transfer for scientific point-cloud foundation models.",,https://arxiv.org/abs/2601.10791,,experimental,verified,trained_model,domain_specific,,,,2026-05-05,,false,false,—,omol25
hienet,HIENet,Equivariant,2025,"Yan, Bohde et al. (Texas A&M, divelab/AIRS)","Hybrid Invariant–Equivariant materials foundation potential that interleaves invariant and O(3)-equivariant message-passing layers to leverage invariant-layer scalability while reserving equivariant layers for high-order interactions. Force and stress are obtained as exact derivatives of a conservative energy, and the model achieves SOTA on Matbench Discovery while running ~90% faster than SevenNet-l3i5 and ~140% faster than EquiformerV2.",https://github.com/divelab/AIRS,https://arxiv.org/abs/2503.05771,GPL-3.0,active,verified,trained_model,universal_foundation,,,,2026-05-07,,false,false,all elements covered by MPTrj (~89 elements),
mace_mh1,MACE-MH-1,Equivariant,2026,"Batatia, Lin, Hart, Kasoar, Elena, Norwood, Wolf, Csányi (Cambridge / ACEsuit)","Cross-learning multi-head MACE foundation model that bridges molecular, surface, and inorganic crystal chemistry in a single MLIP. Enhances the MACE architecture with stronger element-weight sharing and non-linear tensor-decomposition product bases, then post-trains a multi-head replay scheme on OMAT-24 (PBE crystals), MPTraj, OMol (ωB97M-VV10), OC20 (surfaces), SPICE, RGD1, and MATPES-r2SCAN heads to unify electronic-structure theories.",https://github.com/ACEsuit/mace-foundations,https://arxiv.org/abs/2510.25380,MIT,active,verified,trained_model,universal_foundation,,,,2026-05-07,,false,false,all elements up to Z=89 (OMAT-24 / MPTraj coverage),omat24; mptrj; omol25; oc20; spice; rgd1; matpes
mgnn,MGNN,Invariant,2025,"Chang, Zhu (Wuhan University of Technology)","Moment Graph Neural Network: rotation-invariant message-passing architecture whose node and edge updates operate on Cartesian moment representations of 3D molecular graphs, capturing high-order angular structure without explicit equivariant tensor products. Reaches SOTA on QM9 and revised MD17 (incl. MD17-ethanol) and generalises to 3BPA and 25-element high-entropy alloys, including amorphous-electrolyte MD.",https://github.com/JakechiC/MGNN,https://arxiv.org/abs/2409.15800,,maintained,verified,architecture,unknown,,,,2026-05-07,,false,false,molecular CHNOFS plus 25-element high-entropy alloys,
hydragnn,HydraGNN-GFM,Equivariant,2026,"Lupo Pasini, Choi et al. (ORNL / NERSC)","Exascale multi-task atomistic graph foundation model built on the HydraGNN framework, with a PaiNN-based message-passing backbone selected via large-scale DeepHyper hyperparameter optimization on Frontier. Jointly pre-trained on 16 open first-principles datasets (~544M structures, 85+ elements) using shared message-passing layers and per-dataset output heads, scaled to 16,000 GPUs and able to evaluate 1.1 billion atomistic structures in 50 seconds for downstream materials screening.",https://github.com/ORNL/HydraGNN,https://arxiv.org/abs/2604.15380,BSD-3-Clause,active,verified,trained_model,universal_foundation,,,,2026-05-08,,false,false,85+ elements aggregated across 16 first-principles datasets,mptrj; omat24; oc20; ani1x; transition1x; omol25
qnep,qNEP,Descriptor,2026,"Fan, Tang, Berger, Fransson, Xu, Erhart et al. (GPUMD)","Charge-aware extension of the neuroevolution potential (NEP) framework that introduces explicit, environment-dependent partial charges represented per-ion by neural networks of the local descriptor vector. Implemented in GPUMD with both Ewald and particle-particle particle-mesh electrostatics, enabling Born-effective-charge tensors, dielectric properties, and infrared spectra alongside long-range MD scalable to million-atom systems on consumer GPUs.",https://github.com/brucefan1983/GPUMD,https://arxiv.org/abs/2601.19034,GPL-3.0,active,verified,architecture,unknown,,,,2026-05-08,,true,false,dataset-dependent (NEP descriptor framework),
petmad15,PET-MAD-1.5,Transformer,2026,"Mazitov, Bigi, Kellner, Pegolo, Tisi, Pozdnyakov, Loche, Kazeev, Fraux, Ceriotti et al. (EPFL / lab-cosmo)","Successor to PET-MAD: a generally applicable r²SCAN universal interatomic potential that extends elemental coverage to 102 elements via the curated MAD-1.5 dataset (~217k structures). Same Point Edge Transformer (PET) backbone with rotation-invariance learnt from data, retrained at the r²SCAN meta-GGA level with targeted enrichment strategies (molecules, clusters, surfaces, low-dimensional structures, bulk crystals) and uncertainty-quantification-driven outlier removal. Reported as more robust, more accurate, and faster than the original PET-MAD across challenging molecular dynamics benchmarks.",https://github.com/lab-cosmo/pet-mad,https://arxiv.org/abs/2603.02089,BSD-3-Clause,active,verified,trained_model,universal_foundation,,,,2026-05-09,,false,false,102 elements,
densnet,DenSNet,Equivariant,2026,"Lewis-Atwell, Saiz Pardo, Rieu, Loche, Bocus, Cersonsky, Ceriotti et al.","Density-first machine-learned electronic-structure framework that learns the Hohenberg-Kohn map from nuclear configurations to the ground-state electron density using an SE(3)-equivariant neural network predicting density coefficients of an atom-centred Gaussian basis, with a Δ-learning prior built from superposed atomic densities. A second equivariant network then maps the predicted density to the total energy, providing a unified framework for molecular dynamics, energies, forces, and electronic observables (dipole moments, polarizabilities, infrared spectra). Validated on ethanol, ethanethiol, resorcinol, and polythiophene oligomers (extrapolating from 1-6 to 12 monomers).",,https://arxiv.org/abs/2604.24563,,experimental,verified,architecture,domain_specific,,,,2026-05-09,,false,false,—,
pet_oam_xl,PET-OAM-XL,Transformer,2026,"Bigi, Pegolo, Mazitov, Ceriotti (EPFL / lab-cosmo)","Extra-large variant of the Point Edge Transformer (PET) trained with an OMat24 + sAlex + MPtrj recipe (the OAM data mixture). Pushes the limits of unconstrained MLIPs by trading explicit E(3) symmetry constraints for capacity, depth, and data, achieving the top position on the Matbench Discovery leaderboard at release. Configuration: d_pet 640, d_node 2560, 5 GNN layers + 3 attention layers, 10 Å cutoff with adaptive 40-neighbour cap, distributed via the upet package alongside the wider PET-MAD / PET-OMat / PET-SPICE family.",https://github.com/lab-cosmo/upet,https://arxiv.org/abs/2601.16195,BSD-3-Clause,active,verified,trained_model,universal_foundation,,,,2026-05-10,,false,false,all elements covered by OMat24 / MPtrj (~89 elements),
alphanet,AlphaNet,Equivariant,2026,"Yin, Zhang, Yang et al.","Local-frame-based equivariant interatomic potential that builds atom-centred frames with learnable geometric transitions, replacing the spherical-harmonic tensor products used by NequIP/MACE-style models with cheaper Cartesian-frame operations. Achieves SOTA accuracy and improved efficiency on Matbench Discovery and OC2M benchmarks across molecular reactions, crystal stability, and surface catalysis, with an OMat24-pretrained foundation variant (alphanet-v1-oam) released on the Matbench Discovery leaderboard.",https://github.com/zmyybc/AlphaNet,https://arxiv.org/abs/2501.07155,MIT,active,verified,architecture,universal_foundation,,,,2026-05-10,,false,false,all elements covered by OMat24 / MPtrj (~89 elements),
tace,TACE,Equivariant,2026,Xu et al.,"Tensor Atomic Cluster Expansion: a unified Cartesian-space framework that decomposes atomic environments into a complete hierarchy of irreducible Cartesian tensors, providing symmetry-consistent invariant and equivariant representations without spherical-harmonic Clebsch-Gordan overhead. Universal embeddings expose computational level, total charge, magnetic moments, and external-field perturbations as conditioning inputs, while a Latent Ewald Summation module handles long-range electrostatics. Released with an OMat24-pretrained foundation variant (tace-v1-oam-m) on the Matbench Discovery leaderboard, with TorchSim, LAMMPS-ML-IAP, and ASE calculators.",https://github.com/xvzemin/tace,https://arxiv.org/abs/2509.14961,MIT,active,verified,architecture,universal_foundation,,,,2026-05-10,,true,true,all elements covered by OMat24 / MPtrj (~89 elements),
transip,TransIP,Transformer,2026,"Elhag, Raja, Morehead, Blau, Zhao, Tyrchan, Nittinger, Morris, Bronstein (Oxford / LBNL / AstraZeneca / AITHYRA)","Transformer-based interatomic potential built on a generic, non-equivariant backbone that learns SO(3)-equivariance implicitly through a latent equivariance training objective rather than via architectural constraints. Replaces graph-based inductive biases and Clebsch-Gordan tensor products with a scalable embedding-space alignment loss, achieving 40–60% improvement over a data-augmentation baseline across varying OMol25 training-set sizes. Released with a TransIP-L checkpoint on Hugging Face and built on top of the fairchem framework.",https://github.com/Ahmed-A-A-Elhag/TransIP,https://arxiv.org/abs/2510.00027,MIT,active,verified,architecture,domain_specific,,,,2026-05-11,,true,true,elements present in OMol25 (organic + electrolyte + metal-complex chemistry),omol25
e2former,E2Former,Transformer,2025,"Li, Huang, Ding, Wang, Wei, Yang, Wang, Liu, Shi, Jin, Zhang, Gerstein, Qin (Microsoft Research / Yale)","Efficient and equivariant transformer that replaces conventional SO(3) spherical-tensor-product convolutions with a Wigner 6j convolution (Wigner 6j Conv), shifting the dominant compute from edges to nodes and reducing tensor-product complexity from O(|E|) to O(|V|) while preserving E(3) equivariance and expressive power. Achieves a 7×–30× speedup over standard SO(3) convolutions on benchmark interatomic-potential tasks (OC20, OC22, SPICE, MD17/MD22) at chemical accuracy. Released as a NeurIPS 2025 Spotlight and serves as the architectural foundation for the later E2Former-V2 / UBio-MolFM line.",https://github.com/liyy2/E2Former,https://arxiv.org/abs/2501.19216,MIT,active,verified,architecture,unknown,,,,2026-05-14,,false,false,dataset-dependent (OC20 / OC22 / SPICE coverage),
ubio_molfm,UBio-MolFM,Transformer,2026,"Huang, Jiang, Liu, Wang, Zhao, Wang, Lu, Huang, Cheng, Du, Zhang (UBio Team, IQuest Research)","Universal molecular foundation model engineered for biomolecular systems, combining three components: (i) UBio-Mol26, a ~17M-configuration bio-specific dataset built via a multi-fidelity two-pronged strategy that combines systematic bottom-up enumeration with top-down sampling of native protein environments up to ~1,200 atoms (proteins, nucleic acids, lipids, drug-like molecules, biologically important ions and metals); (ii) E2Former-V2, a linear-scaling equivariant transformer integrating Equivariant Axis-Aligned Sparsification (EAAS) and Long-Short Range (LSR) modelling for ~4× higher inference throughput on large systems; and (iii) a three-stage curriculum-learning protocol going from energy initialisation to energy-force consistency and multi-fidelity refinement. Targets ab-initio-level fidelity on out-of-distribution biomolecular systems up to ~1,500 atoms.",https://github.com/IQuestLab/UBio-MolFM,https://arxiv.org/abs/2602.17709,,experimental,verified,trained_model,domain_specific,,,,2026-05-14,,false,false,biological organic chemistry (CHNOPS + halogens) plus biologically important ions and metals,
fennix_bio1,FeNNix-Bio1,Equivariant,2026,"Plé, Adjoua, Benali, Posenitskiy, Villot, Lagardère, Piquemal (Sorbonne Université / Qubit Pharmaceuticals)","Force-field-enhanced foundation MLIP for drug design built on the FENNIX hybrid framework: an Allegro E(3)-equivariant local embedding (256 scalar features, 16 equivariant channels up to l_max=2, three interaction layers, 5.3 Å cutoff) coupled with physics-grounded energy terms — short-range ZBL repulsion, Coulomb electrostatics with fluctuating atom-centred charges, and explicit dispersion. Trained on an extended SPICE2 synthetic-QM dataset and integrated with Tinker-HP for reactive molecular dynamics including quantum nuclear effects. Sets a new sub-kcal/mol standard on the Freesolv hydration-free-energy benchmark and supports protein folding, protein-ligand binding free energies, and chemical reactions.",https://github.com/thomasple/FeNNol,https://doi.org/10.26434/chemrxiv-2025-f1hgn,LGPL-3.0,active,verified,trained_model,domain_specific,,,,2026-05-15,,true,false,"biomolecular elements (H, C, N, O, F, P, S, Cl, Br, I) plus Li, Na, K, Mg, Zn",
dtnn,DTNN,Invariant,2017,"Schütt, Arbabzadah, Chmiela, Müller, Tkatchenko",Deep Tensor Neural Network — the direct precursor to SchNet that introduced learned per-element embeddings refined by tensorised pairwise interaction blocks for quantum-chemical energies on QM9-style organic molecules.,https://github.com/atomistic-machine-learning/dtnn,https://www.nature.com/articles/ncomms13890,MIT,archived,verified,architecture,unknown,,,,2026-05-10,,false,false,dataset-dependent (organic molecules),
cgcnn,CGCNN,Invariant,2018,Xie & Grossman (MIT),Crystal Graph Convolutional Neural Network — the first GNN built explicitly on periodic crystal graphs with multi-edge bond convolutions. Foundational ancestor of nearly every later universal materials GNN (MEGNet / M3GNet / CHGNet) and a workhorse for materials property prediction.,https://github.com/txie-93/cgcnn,https://arxiv.org/abs/1710.10324,MIT,archived,verified,architecture,unknown,,,,2026-05-10,,false,false,all elements covered by Materials Project,
physnet,PhysNet,Invariant,2019,Unke & Meuwly (Basel),"Modular invariant message-passing potential that simultaneously predicts energies, forces, dipole moments, and partial charges with explicit electrostatic and dispersion energy terms. One of the first MLIPs that handled molecules with non-zero net charge through learnable atomic charges plus Coulomb correction.",https://github.com/MMunibas/PhysNet,https://arxiv.org/abs/1902.08408,MIT,archived,verified,architecture,unknown,,,,2026-05-10,,true,false,dataset-dependent (organic molecules),
megnet,MEGNet,Invariant,2019,"Chen, Ye, Zuo, Zheng, Ong (UCSD / Materials Virtual Lab)",MatErials Graph Network — universal graph network with global state attributes that unifies molecules and crystals in one framework. Direct architectural ancestor of M3GNet/CHGNet from the same group; widely used for materials property prediction.,https://github.com/materialsvirtuallab/megnet,https://pubs.acs.org/doi/10.1021/acs.chemmater.9b01294,BSD-3-Clause,maintained,verified,architecture,unknown,,,,2026-05-10,,false,false,all elements covered by Materials Project,
cormorant,Cormorant,Equivariant,2019,"Anderson, Hy, Kondor (Chicago)",Covariant Molecular Neural Network — an early end-to-end SO(3)-equivariant architecture using Clebsch-Gordan tensor products on irreducible representations of irreducible spherical tensors. Predates and informs the TFN/NequIP-style equivariant message-passing potential family.,https://github.com/risilab/cormorant,https://arxiv.org/abs/1906.04015,Custom (research),archived,verified,architecture,unknown,,,,2026-05-10,,false,false,dataset-dependent (organic molecules),
egnn,EGNN,Equivariant,2021,"Satorras, Hoogeboom, Welling (UvA)","E(n)-Equivariant Graph Neural Network: a simple, scalar-only equivariant architecture that achieves rotation/translation equivariance without higher-order tensor representations. Highly cited for its simplicity and broadly applied beyond MLIPs to generative modelling, protein structure, and dynamics.",https://github.com/vgsatorras/egnn,https://arxiv.org/abs/2102.09844,MIT,archived,verified,architecture,unknown,,,,2026-05-10,,false,false,dataset-dependent,
nep_orig,NEP,Descriptor,2021,"Fan, Wang, Ying et al. (Aalto / GPUMD)","Original Neuroevolution Potential — a per-element neural network on local descriptors trained with separable natural-evolution strategies rather than gradient descent. Designed for raw GPU throughput in the GPUMD code; ancestor of NEP89, qNEP, and ORION.",https://github.com/brucefan1983/GPUMD,https://arxiv.org/abs/2107.08119,GPL-3.0,active,verified,architecture,unknown,,,,2026-05-10,,false,false,dataset-dependent,
pfp_orig,PFP,Invariant,2022,Takamoto et al. (Preferred Networks),"Original Preferred Potential — first universal NNP covering 45 elements and the foundation of the commercial Matlantis SaaS platform. Predated the academic universal MLIP wave (M3GNet, CHGNet, MACE-MP) by over a year and demonstrated viable industrial-scale deployment.",,https://www.nature.com/articles/s41467-022-30687-9,proprietary,maintained,verified,trained_model,universal_foundation,,,,2026-05-10,,false,false,45 elements (Matlantis PFP-1.0),
equiformer_v1,Equiformer,Transformer,2022,Liao & Smidt (MIT Atomic Architects),Original Equivariant Graph Attention Transformer — combines graph attention with TFN-style E(3)-equivariant tensor representations and depthwise tensor-product MLPs. Direct ancestor of Equiformer V2 and V3; influential for attention-based equivariant MLIPs.,https://github.com/atomicarchitects/equiformer,https://arxiv.org/abs/2206.11990,MIT,archived,verified,architecture,unknown,,,,2026-05-10,,false,false,dataset-dependent,
scn,SCN,Transformer,2022,"Zitnick, Das, Goyal et al. (Meta FAIR)","Spherical Channels Network — represents atomic environments as multichannel spherical signals rotated into edge-aligned local frames, enabling efficient high-degree representations for OC20-class catalyst modelling. Direct precursor to eSCN and the Meta FAIR equivariant-transformer line.",https://github.com/Open-Catalyst-Project/ocp,https://arxiv.org/abs/2206.14331,MIT,archived,verified,architecture,domain_specific,,,,2026-05-10,,false,false,all elements covered by OC20 (~56 elements),
so3krates,SO3krates,Equivariant,2022,"Frank, Unke, Müller (TU Berlin)","SO(3)-equivariant attention on arbitrary length scales: factorises equivariant tensor products into invariant scalar attention plus an equivariant filter, enabling long-range-capable equivariant transformers. Foundation of the later SO3LR molecular response model.",https://github.com/thorben-frank/mlff,https://arxiv.org/abs/2205.14276,MIT,maintained,verified,architecture,unknown,,,,2026-05-10,,false,false,dataset-dependent (organic molecules),
visnet,ViSNet,Equivariant,2022,"Wang, Zhao, Cui et al. (Microsoft Research)",Vector-scalar interactive message passing potential that captures geometric information through coupled scalar and vector channels without explicit higher-order tensor algebra. Combines competitive accuracy on QM9/MD17/MD22 with practical efficiency for biomolecular MD.,https://github.com/microsoft/AI2BMD/tree/ViSNet,https://arxiv.org/abs/2210.16518,MIT,maintained,verified,architecture,unknown,,,,2026-05-10,,false,false,dataset-dependent,
dpa1,DPA-1,Descriptor,2022,"Zhang, Bi et al. (DeepModeling)","First-generation Deep Potential with Attention — pretrained Deep Potential descriptor model that introduces an attention layer to the DeepMD framework, enabling cross-domain transfer learning. Direct bridge between DeepMD and DPA-2 in the DeepModeling lineage.",https://github.com/deepmodeling/deepmd-kit,https://arxiv.org/abs/2208.08236,LGPL-3.0,maintained,verified,architecture,multi_domain,,,,2026-05-10,,false,false,dataset-dependent,
escn,eSCN,Transformer,2023,Passaro & Zitnick (Meta FAIR),"Reduces SO(3) tensor-product convolutions to SO(2) by aligning each pair to a common rotation axis, dramatically lowering the cost of high-degree equivariant convolutions. Direct precursor to Equiformer V2's higher-degree backbone and key SOTA on OC20 in 2023.",https://github.com/Open-Catalyst-Project/ocp,https://arxiv.org/abs/2302.03655,MIT,maintained,verified,architecture,domain_specific,,,,2026-05-10,,false,false,all elements covered by OC20 (~56 elements),
mace_off,MACE-OFF,Equivariant,2023,"Kovács, Moore, Browning, Batatia, Horton et al.","Transferable MACE force field for organic molecules covering 10 elements (H, C, N, O, F, P, S, Cl, Br, I) trained on SPICE quantum-chemistry data. The molecular sibling of MACE-MP-0 and template for later GRACE-OFF; widely used as a drop-in replacement for classical biomolecular force fields.",https://github.com/ACEsuit/mace-off,https://arxiv.org/abs/2312.15211,MIT,active,verified,trained_model,domain_specific,,,,2026-05-10,,false,false,"H, C, N, O, F, P, S, Cl, Br, I",
gnome,GNoME,Invariant,2023,"Merchant, Batzner, Schoenholz, Aykol, Cheon, Cubuk (Google DeepMind)","Graph Networks for Materials Exploration — published in Nature 624, 80 (2023), demonstrated discovery of 2.2M new crystal structures (380k stable) via active-learning-coupled NNP-driven materials search. Established graph-network MLIPs as a viable engine for autonomous crystal discovery at scale.",https://github.com/google-deepmind/materials_discovery,https://www.nature.com/articles/s41586-023-06735-9,Apache-2.0,maintained,verified,trained_model,universal_foundation,,,,2026-05-10,,false,false,all elements covered by Materials Project,
mace_mp0,MACE-MP-0,Equivariant,2024,"Batatia, Benner, Chiang, Elena, Kovács et al.","First MACE foundation model — a single MACE-architecture potential trained on the Materials Project trajectory dataset (MPtrj) covering 89 elements. Demonstrated broadly transferable accuracy across inorganic crystals, surfaces, defects, and molecular crystals; the reference universal MACE model and ancestor of MACE-Osaka26 / MACE-MH-1 / MACE-Magnetic / MACE-POLAR-1.",https://github.com/ACEsuit/mace-foundations,https://arxiv.org/abs/2401.00096,MIT,active,partially_verified,trained_model,universal_foundation,,,,2026-05-10,,false,false,all elements covered by MPtrj (~89 elements),
mpnice,MPNICE,Invariant,2025,Weber et al. (Schrödinger Inc. / Columbia University),"Message Passing Network with Iterative Charge Equilibration: an invariant message-passing MLFF that decomposes the total energy into atom-centred contributions and, after every message-passing block, predicts atomic partial charges via a charge-equilibration (Qeq) approximation that feeds back into the next block. Explicit long-range Coulomb electrostatics on top of the equilibrated charges captures polarisation, charge transfer, and multiple oxidation states while remaining 5-20x faster than comparable-accuracy models. Released with pre-trained MPNICE models spanning 89 elements for organic liquids, molecular crystals, and bulk inorganic systems.",,https://arxiv.org/abs/2505.06462,proprietary,active,verified,architecture,multi_domain,,,,2026-05-13,,true,false,all elements up to Z=94 (89-element pretrained set),
omni_p1,OMNI-P1,Descriptor,2025,Chen & Dral (Xiamen University),"First-ever universal interatomic potential that simultaneously learns and predicts at multiple quantum-chemical levels of theory through a multi-fidelity AIO-ANI training strategy. Combines low- and high-level reference data (semiempirical, DFT, and coupled cluster) into a single network so the same model can deliver predictions across QC levels of organic chemistry with accuracy comparable to GFN2-xTB and double-zeta DFT, while being orders of magnitude faster. Released as part of the MLatom ecosystem with model weights and code in the dralgroup/aio-ani repository; the immediate predecessor to OMNI-P2x for excited states.",https://github.com/dralgroup/aio-ani,https://doi.org/10.1021/acs.jctc.5c00858,MIT,active,verified,trained_model,domain_specific,,,,2026-05-13,,false,false,"H, C, N, O",
geodite,Geodite,Equivariant,2026,"Reschützegger, Aykent, Perin, Nunes, Cipcigan, Ferreira, Steiner et al. (IBM Research / U. São Paulo / Politecnico Milano)","Equivariant message-passing interatomic potential that replaces Clebsch-Gordan tensor products with cheaper geometric operations while keeping E(3) equivariance, and bakes in physical priors (ZBL short-range repulsion, smooth attenuation) so the learned potential energy surface stays smooth and well-behaved across the entire bond-length range. The Geodite-MP variant is trained on the Materials Project trajectory dataset (~160k inorganic crystal structures) and matches the accuracy of leading tensor-product foundation potentials on stability prediction, phonon-derived properties, thermal conductivity, and nanosecond MD, while running 3-5x faster than models with comparable accuracy.",,https://arxiv.org/abs/2601.15492,MIT,active,verified,architecture,universal_foundation,,,,2026-05-13,,false,false,all elements covered by MPtrj (~89 elements),
lorem,LOREM,Equivariant,2026,"Rumiantsev, Langer, Sodjargal, Ceriotti, Loche (EPFL lab-cosmo)","Equivariant message-passing interatomic potential built around equivariant — rather than scalar — charges for long-range interactions. Unlike standard cutoff-based MLIPs that fail to capture electrostatics, dispersion, or electron delocalisation, LOREM propagates equivariant charges through a long-range message-passing mechanism that captures orientation-dependent interactions without requiring per-dataset tuning of interaction cutoffs or message-passing depth. Implemented in JAX/Flax on top of e3x and jax-pme, LOREM is competitive with or surpasses prior scalar-charge long-range MLIPs across long-range benchmark datasets. Accepted at TMLR.",https://github.com/lab-cosmo/lorem-jax,https://arxiv.org/abs/2507.19382,BSD-3-Clause,active,verified,architecture,unknown,,,,2026-05-17,,true,false,—,
nemp,NEMP,Equivariant,2026,Zhang & Guo (University of New Mexico),"Node-equivariant message-passing graph neural network that reformulates equivariant message passing from edges to nodes: rather than computing a tensor product between every edge and its neighbour node, NEMP constructs an expressive equivariant structure via a single tensor product between the central node and a virtual summed node encoding its neighbours. This reduces the cost of the equivariant message-passing step from the number of neighbour pairs to the number of central atoms, achieving 1–2 orders of magnitude reduction in memory and compute over edge-equivariant baselines while matching or exceeding accuracy across molecules, extended systems, and universal-potential benchmarks. Published in Chemical Science (RSC, 2026).",https://github.com/zhangylch/NEMP,https://arxiv.org/abs/2508.16086,,active,verified,architecture,unknown,,,,2026-05-17,,false,false,—,
mace4ir,MACE4IR,Equivariant,2025,"Bhatia, Krejci, Botti, Rinke, Marques (Aalto / Friedrich Schiller University Jena / Ruhr University Bochum)","Foundation model for molecular infrared spectroscopy built on the MACE E(3)-equivariant message-passing architecture. The model consists of two parallel MACE networks — one for energies and forces, one for atomic dipole moments — trained on ~16 million molecular geometries with DFT energies, forces, and dipole moments from the QCML dataset (≈80 elements, organic molecules, inorganic species, and metal complexes). The MACE4IRmol variant (v2) wraps an ensemble of these networks for uncertainty quantification and delivers nuclear-quantum-effects-aware infrared spectra with DFT-level accuracy at a fraction of the cost. Released with model weights on Hugging Face and the QCML-derived AIMD trajectories on Zenodo.",,https://arxiv.org/abs/2508.19118,,active,verified,trained_model,multi_domain,,,,2026-05-18,,false,false,~80 elements (QCML coverage),
mattersim_mt,MatterSim-MT,Equivariant,2026,"Yang, Liu, Hu, Zhou, Shi, C. Liu, Tan, Li, Wang, Zhu, Chen, Thiemann, Zeni, Horton, Pinsler, Fowler, Zügner, Xie, Sun, Chen, Kong, Bai, Gunceler, Noé, Hao, Lu et al. (Microsoft Research)","Multi-task extension of the MatterSim foundation MLIP that predicts energies, forces, and stress jointly with electronic and tensorial materials properties — Bader charges, magnetic moments, Born effective charges, and full dielectric matrices — from a single shared atomistic backbone. Pretrained on 35M+ first-principles-labelled structures spanning 89 elements, temperatures up to 5000 K, and pressures up to 1000 GPa, then fine-tuned on the property-specific heads. Demonstrated on vibrational spectroscopy, ferroelectric switching, and electrochemical redox processes — workflows that conventional potential-energy-surface MLIPs cannot resolve out of the box.",https://github.com/microsoft/mattersim,https://arxiv.org/abs/2605.07927,MIT,active,verified,trained_model,universal_foundation,,,,2026-05-19,,true,true,all elements up to Z=89,
polymlp,PolyMLP,Descriptor,2023,Seko (Kyoto University),"Polynomial machine learning potential representing the atomic energy as a polynomial function of linearly independent polynomial invariants of the O(3) group built from local structural features. A systematically improvable linear/polynomial descriptor MLIP in the SNAP/MTP/ACE family, distributed via the pypolymlp toolkit and the curated Polynomial MLP Repository, and shipped to OpenKIM in March 2026 as a portable model driver with 837 elemental and alloy parameterizations for LAMMPS-scale simulations.",https://github.com/sekocha/pypolymlp,https://doi.org/10.1063/5.0129045,BSD-3-Clause,active,verified,architecture,unknown,,,,2026-05-20,,false,false,broad elemental and alloy coverage via the OpenKIM PolyMLP model driver (837 parameterizations),
acnn,ACNN,Descriptor,2026,"Li, Feng, Luo, Jiang, Zheng, Song, Lv, Butler, Liu, Xie, Xie, Ma (Jilin University / CALYPSO)","Attention-Coupled Neural Network potential: an expert MLIP architecture built from four modules — a local descriptor, an elemental embedding, a stack of optional multi-head attention modules, and an MLP-based fitting head. Stacking attention modules implicitly introduces an aggregative effect analogous to graph neural networks, extending the effective interaction range among atoms and enabling adaptive switching between network configurations based on the simulation task. Embedded in a self-optimizing CALYPSO crystal-structure-prediction workflow that iteratively refines the potential while exploring local minima of the potential energy surface, validated on Mg-Ca-H ternary and Be-P-N-O quaternary systems by exploring nearly 10 million configurations with substantial speedup over first-principles calculations.",,https://doi.org/10.1038/s41524-026-01971-9,,active,verified,architecture,unknown,,,,2026-05-22,,false,false,dataset-dependent (validated on Mg-Ca-H and Be-P-N-O),
emff_2025,EMFF-2025,Descriptor,2025,"Wen, Han, Li, Chang, Chu, Chen (Beijing Institute of Technology)","General-purpose deep-potential neural network force field for energetic materials composed of C, H, N, and O. Built on the DeePMD-kit framework with a transfer-learning workflow that fine-tunes a pretrained NNP backbone on a small, targeted set of DFT energies and forces, achieving DFT-level accuracy across 20 different high-energy material (HEM) systems for structural, mechanical, and decomposition properties. Distributed as the EMFF-2025_V1.0.pb model for LAMMPS + DeepMD integration; suitable for MD simulations of HEM systems with 1–5000 atoms, delivering ~30× speedup over baseline LAMMPS via GPU parallel execution.",https://github.com/MingjieWen/General-NNP-model-for-C-H-N-O-Energetic-Materials,https://doi.org/10.1038/s41524-025-01809-w,,active,verified,trained_model,domain_specific,,,,2026-05-22,,false,false,"C, H, N, O",
nep_cg,NEP-CG,Descriptor,2026,"Fan, W. Zhang, Z. Zhang, Xu, Shao, Dong (Bohai University)","Coarse-grained extension of the neuroevolution potential (NEP) framework that generates low-noise training data from the potential of mean force by constraining coarse-grained beads during atomistic simulations and accumulating time-averaged forces. Implemented within GPUMD, NEP-CG reaches training accuracy comparable to atomistic models trained on DFT data while running at hundreds to thousands of ns/day on a single consumer GPU. Demonstrated on liquid water (reproducing densities from 1 bar to 1 GPa with a virial correction for the correct equation of state) and an anisotropic C60 monolayer (capturing directional thermal conductivity). The companion NEP-AACG multiscale variant integrates all-atom and coarse-grained degrees of freedom in a single model, demonstrated for gold nanowire fracture at experimentally relevant strain rates.",,https://arxiv.org/abs/2603.01234,,active,verified,trained_model,unknown,,,,2026-05-22,,false,false,—,
reaxnet,ReaxNet,Equivariant,2025,"Gao, Yam, Mao, Chen, Chen, Hu (Univ. of Hong Kong / Hong Kong Quantum AI Lab / MattVerse)","Foundation machine learning potential that integrates explicit polarizable long-range electrostatics with an E(3)-equivariant message-passing graph neural network (built on e3nn-jax). Rather than predicting partial charges, ReaxNet employs a physically motivated polarizable charge-equilibration scheme that directly optimizes the electrostatic interaction energy and reproduces polarization responses under external electric fields — capturing long-range effects that elude standard cutoff-based message passing. Trained across the periodic table up to Pu and distributed as a JAX / JAX-MD implementation, it has been demonstrated on mechanical properties, ionic diffusivity in solid-state electrolytes, ferroelectric phase transitions, and reactive dynamics at electrode-electrolyte interfaces.",https://github.com/reaxnet/reaxnet,https://doi.org/10.1038/s41467-025-65496-3,GPL-3.0,active,verified,trained_model,universal_foundation,,,,2026-05-25,,true,false,all elements up to Pu (Z=94),
metal53mlp,Metal53-MLP,Descriptor,2026,"X.Y. Li, J. Li, Y.N. Wang et al.","Domain-specific machine-learning interatomic potential for metallic materials covering 53 metallic elements — broad enough to span elemental metals, intermetallics, and multi-principal-element (high-entropy) alloys within a single model. Reaches DFT-level accuracy (energy MAE ≈ 12 meV/atom, force MAE ≈ 144 meV/Å) while staying efficient enough for large-scale molecular dynamics, and reproduces lattice parameters, elastic constants, and equations of state. Validated across four representative alloy problems: negative thermal expansion in orthorhombic Ti-Nb, the Elinvar effect in a Co25Ni25(TiZrHf)50 intermetallic, grain-boundary segregation and high-temperature deformation in the NbTaMoW refractory multi-principal-element alloy, and precipitation pathways.",,https://doi.org/10.1038/s41524-026-02072-3,,active,verified,trained_model,domain_specific,,,,2026-05-26,,false,false,53 metallic elements,
md_et,MD-ET,Transformer,2026,"Eissler, Korjakow, Ganscha, Unke, Müller, Gugler (BIFOLD / TU Berlin / Google DeepMind)","Molecular-dynamics Edge Transformer: a deliberately minimal adaptation of an off-the-shelf Edge Transformer architecture to interatomic potentials, deployed with neither built-in equivariance nor energy conservation. Rather than encoding physical inductive biases into the network, MD-ET relies on a simple supervised pre-training scheme over ~30 million molecular structures from the QCML database and then fine-tunes for a small number of steps, reaching state-of-the-art accuracy on several molecular-dynamics benchmarks. The paper (""How simple can you go?"") argues that, as in other ML domains, general-purpose transformer architectures paired with large-scale pre-training can rival specialised, physics-constrained networks for MD.",,https://doi.org/10.1063/5.0295035,,experimental,verified,trained_model,multi_domain,,,,2026-05-27,,false,false,dataset-dependent (QCML molecular coverage),
pet_uafd,PET-UAFD,Transformer,2026,"Kellner, Hansen, Bligaard, Jacobsen, Ceriotti (EPFL lab-cosmo / DTU)","Uncertainty-aware ensemble of universal interatomic potentials built on the Point Edge Transformer (PET) backbone. Rather than a single model, PET-UAFD (""universal DFT approximators"") trains an ensemble across multiple electronic-structure references and calibrates it against experimental data — cohesive energies, atomization energies, lattice constants, and bulk moduli of simple materials and molecules — so that its predictions become as accurate against experiment as the best available electronic-structure reference while the ensemble spread reports prediction reliability. The companion PET-EXP protocol uses shallow ensembles and statistical reweighting to estimate uncertainty relative to experimental measurements at essentially no extra cost over a single conventional ML potential, accounting for the systematic error inherent in the underlying DFT functional.",,https://arxiv.org/abs/2604.24607,,active,verified,trained_model,universal_foundation,,,,2026-05-29,,false,false,simple materials and molecules (coverage not enumerated),
esen_moe,eSEN-MoE,Equivariant,2026,"Brunken, Cormier, Walewski, Peltre, Chomet et al. (InstaDeep)","Mixture-of-Experts extension of Meta FAIR's eSEN architecture introduced in InstaDeep's mlip v2 framework. Routes through specialised expert kernels per chemical environment while contracting the routed kernels into a single dense kernel at inference, recovering the runtime cost of a standard single-head model. Built on the new e3j high-performance equivariant-operations backend (with dedicated CUDA and Pallas kernels for GPUs and TPUs) and shipped with pretrained checkpoints trained on a curated SPICE2 subset of OMol25. Integrates with ASE and JAX-MD wrappers and supports advanced simulation features such as NPT ensembles and nudged elastic band methods.",https://github.com/instadeepai/mlip,https://arxiv.org/abs/2605.22698,Apache-2.0,active,verified,trained_model,domain_specific,,,,2026-05-28,,false,false,dataset-dependent (SPICE2/OMol25 molecular coverage),omol25
t_painn,T-PaiNN,Equivariant,2026,"Pelletier, Bhat, Rivera, Wilson, Muhich (Arizona State University)","Transfer-PaiNN: a transfer-learning recipe that substantially improves the DFT data efficiency of GNN-MLIPs by pretraining a PaiNN backbone on large-scale (>100× the DFT set) classical force-field trajectories of the target system and then autotuning the weights on a small DFT dataset. The pretraining lets the network learn the broad shape of the potential energy surface from cheap classical sampling, with quantum accuracy supplied by the fine-tuning stage. Demonstrated on QM9 (gas-phase molecules) and condensed-phase liquid water, with up to ~25× MAE reduction in low-data regimes and improved energies, forces, density, and diffusivity predictions versus DFT-only training.",,https://arxiv.org/abs/2603.24752,,experimental,verified,trained_model,domain_specific,,,,2026-05-28,,false,false,dataset-dependent (QM9 / liquid water),
csp_mace_angstrom,CSP-MACE-Å,Equivariant,2026,"Midgley, Lin, Moore, Della Pia, Antorán, Nilsson Lill, Eriksson, Faber, Tornberg, Broo, Csányi (AstraZeneca / Ångström AI / MPI Polymer Research / Cambridge)","Composite machine-learning interatomic potential targeting DFT-quality molecular crystal structure prediction (CSP) at a tiny fraction of DFT cost. Decomposes the total energy into intramolecular and intermolecular components: the intramolecular term is supplied by a MACE-POLAR model trained on OMol25, and the intermolecular term combines a MACE-POLAR contribution, an XDM-style long-range dispersion correction, and a learned Δ-model trained to reproduce B86bPBE-XDM intermolecular energies on ~50,000 molecular-crystal calculations. On the AstraZeneca CSP evaluation set (19 compounds) CSP-MACE-Å matches PBE-DFT-with-Neumann–Perrin accuracy, and on CSP blind-test compounds it approaches B86bPBE-XDM accuracy — making rigorous solid-form derisking tractable at scale.",,https://arxiv.org/abs/2605.28905,,experimental,verified,trained_model,domain_specific,,,,2026-06-02,,true,true,elements present in OMol25 (organic / pharmaceutical chemistry),omol25
dpa4,DPA4,Equivariant,2026,"T. Li, W. Li, Peng, Xue, L. Zhang, D. Zhang, H. Wang (Peking Univ. / Tsinghua / AI for Science Institute / DP Technology / IAPCM)","Fourth-generation Deep Potential architecture that breaks with the prior invariant DPA-1/2/3 line by going SE(3)-equivariant via a new EMFA (Edge-conditioned, Multi-Focus, Attention) SO(2)-equivariant convolution. EMFA combines a low-rank edge–node SO(2)-equivariant product in an edge-local frame, a multi-focus design for message nonlinearity, and envelope-gated attention for message aggregation; a Lebedev-grid projection preserves SO(3)-equivariance in the nonlinearity to machine precision while reaching the same algebraic order of accuracy as latitude–longitude grids with substantially fewer sample points. Released in DPA4-Air (2.76 M params), DPA4-Plus (5.4 M), and DPA4-Pro variants — DPA4-Pro attains the best Combined Performance Score on the compliant Matbench Discovery leaderboard with ~31% fewer parameters than EquiformerV3+DeNS-MP, while DPA4-Air exceeds the 30.1 M-parameter eSEN-30M-MP baseline at 10.9× fewer parameters and 42.9× less training compute, redefining the SE(3)-equivariant foundation-MLIP Pareto frontier.",https://github.com/deepmodeling/deepmd-kit,https://arxiv.org/abs/2606.02419,LGPL-3.0,active,verified,model_family,universal_foundation,,,,2026-06-04,,false,false,all elements covered by MPtrj (~89 elements),
tece,TECE,Equivariant,2026,"Zemin Xu, Wenbo Xie, P. Hu",Tensor Edge Cluster Expansion: an equivariant successor to TACE that builds many-body interactions on edges via an Edge Complex Product Basis and adds Radial Rotary Complex Attention for extrapolation. Its OMat24/sAlex/MPtrj-pretrained TECE-OAM-RRA-1.0 tops Matbench Discovery.,https://github.com/xvzemin/tace,https://arxiv.org/abs/2607.10664,MIT,active,partially_verified,trained_model,universal_foundation,,,state_of_the_art,2026-07-17,,,,all elements covered by OMat24 / sAlex / MPtrj (~89 elements),omat24; salex; mptrj
equifilm,EquiFiLM,Equivariant,2026,"Stanford / SLAC / USC (Sahel-Schackis, Linker et al.)","Per-layer Feature-wise Linear Modulation (FiLM) block adding external conditioning (applied field / net charge) to any equivariant foundation MLFF; it modulates only scalar channels, preserving exact E(3)-equivariance while learning field-driven PES changes from minimal data.",,https://arxiv.org/abs/2607.05559,,experimental,partially_verified,architecture,,,,,2026-07-19,,true,,"backbone-dependent (demonstrated on H, O in charged liquid water)",
step,STEP,Equivariant,2026,Gao et al.,"Equivariant magnetic MLIP treating vector magnetic moments as geometric degrees of freedom, coupling each central spin to its local spin-lattice environment via a Center-Environment Tensor Product with SO(3) equivariance and time-reversal symmetry for data-efficient magnetic PES.",,https://arxiv.org/abs/2607.17129,,experimental,partially_verified,architecture,domain_specific,,,,2026-07-23,,false,true,"backbone-dependent (demonstrated on Cr, I in monolayer CrI3)",
nequip_oam,NequIP-OAM,Equivariant,2026,"Kavanagh et al. (Harvard, Kozinsky lab)","Foundation-scale E(3)-equivariant message-passing potential in the NequIP family, pretrained on OMat24 and fine-tuned on MPtrj + sAlex (""OAM""); the recommended NequIP foundation model for inorganic solids, ranked on Matbench Discovery.",https://github.com/mir-group/nequip,https://arxiv.org/abs/2607.28461,MIT,active,partially_verified,trained_model,universal_foundation,,,,2026-08-10,,false,false,all elements covered by OMat24 / MPTrj (~89 elements),omat24; mptrj; salex
allegro_oam,Allegro-OAM,Equivariant,2026,"Kavanagh et al. (Harvard, Kozinsky lab)","Foundation-scale strictly-local E(3)-equivariant potential in the Allegro family (no atom-centred message passing), pretrained on OMat24 and fine-tuned on MPtrj + sAlex (""OAM"") for large-scale parallel MD with physically reasonable forces across the periodic table.",https://github.com/mir-group/allegro,https://arxiv.org/abs/2607.28461,MIT,active,partially_verified,trained_model,universal_foundation,,,,2026-08-10,,false,false,all elements covered by OMat24 / MPTrj (~89 elements),omat24; mptrj; salex
